{
    "data": [
    "{\"location\": \"Constantinople\", \"latitude\": 41.013888888888886, \"longitude\": 28.955555555555556}",
    "{\"location\": \"Bursa\", \"latitude\": 40.18333333333333, \"longitude\": 29.05}",
    "{\"location\": \"Mudurnu\", \"latitude\": 40.46666666666667, \"longitude\": 31.216666666666665}",
    "{\"location\": \"Tarakl%C4%B1\", \"latitude\": 40.39694444444444, \"longitude\": 30.49277777777778}",
    "{\"location\": \"Konya\", \"latitude\": 37.86666666666667, \"longitude\": 32.483333333333334}",
    "{\"location\": \"Adana\", \"latitude\": 37.0, \"longitude\": 35.321333333333335}",
    "{\"location\": \"Antioch\", \"latitude\": 36.20472222222222, \"longitude\": 36.181666666666665}",
    "{\"location\": \"Izmir\", \"latitude\": 38.416666666666664, \"longitude\": 27.133333333333333}",
    "{\"location\": \"Trabzon\", \"latitude\": 41.005, \"longitude\": 39.722500000000004}",
    "{\"location\": \"Baku\", \"latitude\": 40.39527777777778, \"longitude\": 49.882222222222225}",
    "{\"location\": \"Shamakhi\", \"latitude\": 40.63027777777778, \"longitude\": 48.64138888888889}",
    "{\"location\": \"Barda_Azerbaijan\", \"latitude\": 40.37444444444444, \"longitude\": 47.126666666666665}",
    "{\"location\": \"Tbilisi\", \"latitude\": 41.722500000000004, \"longitude\": 44.7925}",
    "{\"location\": \"Batumi\", \"latitude\": 41.645833333333336, \"longitude\": 41.641666666666666}",
    "{\"location\": \"Poti\", \"latitude\": 42.15, \"longitude\": 41.666666666666664}",
    "{\"location\": \"Yerevan\", \"latitude\": 40.18138888888889, \"longitude\": 44.51444444444444}",
    "{\"location\": \"Tyre_Lebanon\", \"latitude\": 33.270833333333336, \"longitude\": 35.19611111111111}",
    "{\"location\": \"Aleppo\", \"latitude\": 36.21666666666667, \"longitude\": 37.166666666666664}",
    "{\"location\": \"Tartus\", \"latitude\": 34.88333333333333, \"longitude\": 35.88333333333333}",
    "{\"location\": \"Homs\", \"latitude\": 34.73083333333334, \"longitude\": 36.70944444444445}",
    "{\"location\": \"Damascus\", \"latitude\": 33.51305555555555, \"longitude\": 36.29194444444444}",
    "{\"location\": \"Palmyra\", \"latitude\": 34.55138888888889, \"longitude\": 38.268055555555556}",
    "{\"location\": \"Raqqa\", \"latitude\": 35.95, \"longitude\": 39.016666666666666}",
    "{\"location\": \"Dura_Europos\", \"latitude\": 34.746944444444445, \"longitude\": 40.730000000000004}",
    "{\"location\": \"Mosul\", \"latitude\": 36.333333333333336, \"longitude\": 43.13333333333333}",
    "{\"location\": \"Erbil\", \"latitude\": 36.191111111111105, \"longitude\": 44.009166666666665}",
    "{\"location\": \"Samarra\", \"latitude\": 34.19833333333333, \"longitude\": 43.87416666666667}",
    "{\"location\": \"Fallujah\", \"latitude\": 33.353611111111114, \"longitude\": 43.779444444444444}",
    "{\"location\": \"Baghdad\", \"latitude\": 33.333333333333336, \"longitude\": 44.38333333333333}",
    "{\"location\": \"Ctesiphon\", \"latitude\": 33.093611111111116, \"longitude\": 44.580555555555556}",
    "{\"location\": \"Baquba\", \"latitude\": 33.75, \"longitude\": 44.63333333333333}",
    "{\"location\": \"Tabriz\", \"latitude\": 38.06666666666667, \"longitude\": 46.3}",
    "{\"location\": \"Zanjan_Iran\", \"latitude\": 36.666666666666664, \"longitude\": 48.483333333333334}",
    "{\"location\": \"Rasht\", \"latitude\": 37.280833333333334, \"longitude\": 49.58305555555556}",
    "{\"location\": \"Kermanshah\", \"latitude\": 34.314166666666665, \"longitude\": 47.065}",
    "{\"location\": \"Hamadan\", \"latitude\": 34.79833333333333, \"longitude\": 48.515}",
    "{\"location\": \"Rey_Iran\", \"latitude\": 35.583333333333336, \"longitude\": 51.43333333333333}",
    "{\"location\": \"Hecatompylos\", \"latitude\": 35.951055555555556, \"longitude\": 54.11280555555556}",
    "{\"location\": \"Sabzevar\", \"latitude\": 36.212500000000006, \"longitude\": 57.68194444444444}",
    "{\"location\": \"Nishapur\", \"latitude\": 36.21333333333334, \"longitude\": 58.795833333333334}",
    "{\"location\": \"Mashhad\", \"latitude\": 36.3, \"longitude\": 59.6}",
    "{\"location\": \"Tus,_Iran\", \"latitude\": 36.45416666666667, \"longitude\": 59.566944444444445}",
    "{\"location\": \"Bam_Iran\", \"latitude\": 29.10611111111111, \"longitude\": 58.356944444444444}",
    "{\"location\": \"Yazd\", \"latitude\": 31.897222222222222, \"longitude\": 54.367777777777775}",
    "{\"location\": \"Qazvin\", \"latitude\": 36.266666666666666, \"longitude\": 50.0}",
    "{\"location\": \"Qumis_Iran\", \"latitude\": 35.951055555555556, \"longitude\": 54.11280555555556}",
    "{\"location\": \"Nisa_Turkmenistan\", \"latitude\": 37.96666666666667, \"longitude\": 58.19499999999999}",
    "{\"location\": \"Merv\", \"latitude\": 37.66277777777778, \"longitude\": 62.192499999999995}",
    "{\"location\": \"Konye-Urgench\", \"latitude\": 42.333333333333336, \"longitude\": 59.15}",
    "{\"location\": \"T%C3%BCrkmenabat\", \"latitude\": 39.083333333333336, \"longitude\": 63.56666666666667}",
    "{\"location\": \"Bukhara\", \"latitude\": 39.766666666666666, \"longitude\": 64.43333333333334}",
    "{\"location\": \"Shahrisabz\", \"latitude\": 39.05, \"longitude\": 66.83333333333333}",
    "{\"location\": \"Samarkand\", \"latitude\": 39.7, \"longitude\": 66.98333333333333}",
    "{\"location\": \"Tashkent\", \"latitude\": 41.3, \"longitude\": 69.26666666666667}",
    "{\"location\": \"Kokand\", \"latitude\": 40.52861111111111, \"longitude\": 70.94250000000001}",
    "{\"location\": \"Andijon\", \"latitude\": 40.78333333333333, \"longitude\": 72.33333333333333}",
    "{\"location\": \"Khujand\", \"latitude\": 40.28333333333333, \"longitude\": 69.63333333333334}",
    "{\"location\": \"Istaravshan\", \"latitude\": 39.91083333333333, \"longitude\": 69.00638888888889}",
    "{\"location\": \"Otrar\", \"latitude\": 42.8525, \"longitude\": 68.30277777777778}",
    "{\"location\": \"Sayram_(city)\", \"latitude\": 42.3, \"longitude\": 69.76666666666667}",
    "{\"location\": \"Taraz\", \"latitude\": 42.9, \"longitude\": 71.36666666666666}",
    "{\"location\": \"Hazrat-e_Turkestan\", \"latitude\": 43.301944444444445, \"longitude\": 68.26916666666666}",
    "{\"location\": \"Almaty\", \"latitude\": 43.277499999999996, \"longitude\": 76.89583333333334}",
    "{\"location\": \"Issyk_kul\", \"latitude\": 42.416666666666664, \"longitude\": 77.25}",
    "{\"location\": \"Tokmok\", \"latitude\": 42.833333333333336, \"longitude\": 75.28333333333333}",
    "{\"location\": \"Bishkek\", \"latitude\": 42.874722222222225, \"longitude\": 74.61222222222221}",
    "{\"location\": \"Osh\", \"latitude\": 40.53, \"longitude\": 72.8}",
    "{\"location\": \"Balkh\", \"latitude\": 36.75805555555556, \"longitude\": 66.89805555555556}",
    "{\"location\": \"Herat\", \"latitude\": 34.341944444444444, \"longitude\": 62.20305555555556}",
    "{\"location\": \"Alexandria_Arachosia\", \"latitude\": 31.602222222222224, \"longitude\": 65.6588888888889}",
    "{\"location\": \"Bamyan_Afghanistan\", \"latitude\": 34.825, \"longitude\": 67.83333333333333}",
    "{\"location\": \"Kabul\", \"latitude\": 34.525277777777774, \"longitude\": 69.17833333333334}",
    "{\"location\": \"Peshawar\", \"latitude\": 34.01444444444444, \"longitude\": 71.5675}",
    "{\"location\": \"Pushkalavati\", \"latitude\": 34.168055555555554, \"longitude\": 71.73611111111111}",
    "{\"location\": \"Takshashila\", \"latitude\": 33.74583333333334, \"longitude\": 72.7875}",
    "{\"location\": \"Multan\", \"latitude\": 30.197777777777777, \"longitude\": 71.46972222222223}",
    "{\"location\": \"Banbhore\", \"latitude\": 24.75138888888889, \"longitude\": 67.5213888888889}",
    "{\"location\": \"Leh\", \"latitude\": 34.16416666666667, \"longitude\": 77.58472222222221}",
    "{\"location\": \"Jaisalmer\", \"latitude\": 26.913055555555555, \"longitude\": 70.915}",
    "{\"location\": \"Mathura\", \"latitude\": 27.4925, \"longitude\": 77.67361111111111}",
